Rewiring,Train,Val,Test
original,0.9094444444444444,0.7224999999999998,0.6640522875816994
attention,,,
spectral,,,
baseline,0.6400000000000001,0.54375,0.49673202614379086
